{
  "name": "identity",
  "title": "Identity",
  "description": "Used for debugging. Agent action is set as their reward.",
  "version": "1.0.0",
  "agents": [1, 2, 3, 4, 5, 6, 7, 8, 9, 10],
  "configuration": {
    "max": {
      "description": "The highest number allowed for an action.",
      "type": "integer",
      "default": 1000,
      "minimum": 1
    },
    "min": {
      "description": "The lowest number allowed for an action.",
      "type": "integer",
      "default": 0,
      "minimum": 0
    },
    "noise": {
      "description": "Noise added to the reward.",
      "type": "number",
      "default": 0
    },
    "actTimeout": 1,
    "episodeSteps": 25
  },
  "reward": {
    "description": "The value of the agent action is set as: action + gauss * noise.",
    "type": "integer"
  },
  "observation": {
    "remainingOverageTime": 12
  },
  "action": {
    "description": "Reward = action if number, otherwise 0.",
    "type": ["number", "string", "null"]
  }
}
