{
    "name": "chess",
    "title": "Chess",
    "description": "Classic Chess with full ruleset",
    "version": "1.0.0",
    "agents": [2],
    "configuration": {
      "episodeSteps": 1000,
      "actTimeout": 1,
      "agentTimeout": {
        "description": "Obsolete field kept for backwards compatibility, please use observation.remainingOverageTime.",
        "type": "number",
        "minimum": 0,
        "default": 60
      }
    },
    "reward": {
      "description": "-1 = Lost, 0 = Draw/Ongoing, 1 = Won",
      "enum": [-1, 0, 1],
      "default": 0
    },
    "observation": {
      "board": {
        "description": "FEN string representation of the board",
        "type": "string",
        "shared": true,
        "default": "rnbqkbnr/pppppppp/8/8/8/8/PPPPPPPP/RNBQKBNR w KQkq - 0 1"
      },
      "mark": {
        "description": "Player color, white or black",
        "defaults": ["white", "black"],
        "enum": ["white", "black"]
      },
      "remainingOverageTime": 60 
    },
    "action": {
      "description": "Move in UCI notation (e.g., e2e4)",
      "type": "string",
      "default": ""
    },
    "status": {
      "defaults": ["ACTIVE", "INACTIVE"]
    }
  }